text,sector
Laging nagbabaha dito sa amin barado ang kanal,Infrastructure
May malaking butas sa kalsada delikado sa motor,Infrastructure
Sira ang poste ng ilaw sa street namin,Infrastructure
Walang tubig sa aming lugar ng dalawang araw,Infrastructure
Gumuho ang pader sa gilid ng eskwelahan,Infrastructure
May nag-holdap sa tindahan kagabi,Crime
Nanakawan ang bahay namin may snatcher dito,Crime
May nag-aaway at may dalang kutsilyo sa kanto,Crime
Maraming lasing na nanggugulo tuwing gabi,Crime
Ninakaw ang motor ko sa harap ng bahay,Crime
Maraming basura na hindi nakokolekta,Environment
May nagsusunog ng plastik at makapal ang usok,Environment
Ang baho ng estero puno ng basura,Environment
Maraming lamok at tubig na hindi umaagos,Environment
Tapunan ng basura sa tabi ng ilog,Environment
May outbreak ng dengue sa street namin,Health
Maraming bata ang may ubo at lagnat dito,Health
Walang gamot sa health center,Health
May kaso ng tigdas sa barangay namin,Health
Kailangan ng bakuna ang mga matatanda,Health
